-- phpMyAdmin SQL Dump
-- version 5.1.3
-- https://www.phpmyadmin.net/
--
-- Servidor: 127.0.0.1
-- Tiempo de generación: 02-06-2022 a las 16:13:14
-- Versión del servidor: 10.4.24-MariaDB
-- Versión de PHP: 7.4.28

SET SQL_MODE = "NO_AUTO_VALUE_ON_ZERO";
START TRANSACTION;
SET time_zone = "+00:00";


/*!40101 SET @OLD_CHARACTER_SET_CLIENT=@@CHARACTER_SET_CLIENT */;
/*!40101 SET @OLD_CHARACTER_SET_RESULTS=@@CHARACTER_SET_RESULTS */;
/*!40101 SET @OLD_COLLATION_CONNECTION=@@COLLATION_CONNECTION */;
/*!40101 SET NAMES utf8mb4 */;

--
-- Base de datos: `h2o-lab`
--

-- --------------------------------------------------------

--
-- Estructura de tabla para la tabla `departamentos`
--

CREATE TABLE `departamentos` (
  `id_departamento` int(2) NOT NULL,
  `DepNombre` varchar(50) COLLATE utf8_spanish_ci NOT NULL,
  `DepCodigo` int(2) NOT NULL,
  `created_at` timestamp NULL DEFAULT NULL,
  `updated_at` timestamp NULL DEFAULT NULL
) ENGINE=InnoDB DEFAULT CHARSET=utf8 COLLATE=utf8_spanish_ci;

--
-- Volcado de datos para la tabla `departamentos`
--

INSERT INTO `departamentos` (`id_departamento`, `DepNombre`, `DepCodigo`, `created_at`, `updated_at`) VALUES
(1, 'Antioquia', 5, NULL, NULL),
(2, 'Atlantico', 8, NULL, NULL),
(3, 'D. C. Santa Fe de Bogotá', 11, NULL, NULL),
(4, 'Bolivar', 13, NULL, NULL),
(5, 'Boyaca', 15, NULL, NULL),
(6, 'Caldas', 17, NULL, NULL),
(7, 'Caqueta', 18, NULL, NULL),
(8, 'Cauca', 19, NULL, NULL),
(9, 'Cesar', 20, NULL, NULL),
(10, 'Cordova', 23, NULL, NULL),
(11, 'Cundinamarca', 25, NULL, NULL),
(12, 'Choco', 27, NULL, NULL),
(13, 'Huila', 41, NULL, NULL),
(14, 'La Guajira', 44, NULL, NULL),
(15, 'Magdalena', 47, NULL, NULL),
(16, 'Meta', 50, NULL, NULL),
(17, 'Nariño', 52, NULL, NULL),
(18, 'Norte de Santander', 54, NULL, NULL),
(19, 'Quindio', 63, NULL, NULL),
(20, 'Risaralda', 66, NULL, NULL),
(21, 'Santander', 68, NULL, NULL),
(22, 'Sucre', 70, NULL, NULL),
(23, 'Tolima', 73, NULL, NULL),
(24, 'Valle', 76, NULL, NULL),
(25, 'Arauca', 81, NULL, NULL),
(26, 'Casanare', 85, NULL, NULL),
(27, 'Putumayo', 86, NULL, NULL),
(28, 'San Andres', 88, NULL, NULL),
(29, 'Amazonas', 91, NULL, NULL),
(30, 'Guainia', 94, NULL, NULL),
(31, 'Guaviare', 95, NULL, NULL),
(32, 'Vaupes', 97, NULL, NULL),
(33, 'Vichada', 99, NULL, NULL);

-- --------------------------------------------------------

--
-- Estructura de tabla para la tabla `encargado_muestra`
--

CREATE TABLE `encargado_muestra` (
  `id_encargado` int(11) NOT NULL,
  `Nombre_completo` varchar(70) NOT NULL,
  `Cargo` enum('aprendiz','instructor') NOT NULL,
  `Genero` enum('M','F') NOT NULL,
  `Correo` varchar(50) NOT NULL,
  `Telefono` bigint(100) NOT NULL,
  `created_at` timestamp NULL DEFAULT NULL,
  `updated_at` timestamp NULL DEFAULT NULL
) ENGINE=InnoDB DEFAULT CHARSET=utf8mb4;

--
-- Volcado de datos para la tabla `encargado_muestra`
--

INSERT INTO `encargado_muestra` (`id_encargado`, `Nombre_completo`, `Cargo`, `Genero`, `Correo`, `Telefono`, `created_at`, `updated_at`) VALUES
(1, 'José Eliecer', 'instructor', 'M', 'jose@gmail.com', 3137308458, NULL, '2021-09-20 18:54:13'),
(2, 'Camilo Vargas', 'instructor', 'M', 'camilo@gmail.com', 3123452342, NULL, NULL),
(3, 'Fernando castro', 'aprendiz', 'M', 'fernando@gmail.com', 3123421321, NULL, '2021-09-24 18:47:11'),
(4, 'Estefanía Núñez', 'aprendiz', 'F', 'nuez@gmail.com', 3212342123, NULL, '2021-09-24 18:43:32'),
(7, 'kevin', 'instructor', 'M', 'kevin2002@gmail.com', 3137308458, NULL, '2021-09-24 18:46:57'),
(9, 'Andres', 'aprendiz', 'M', 'andres@gmail.com', 12121324, NULL, NULL);

-- --------------------------------------------------------

--
-- Estructura de tabla para la tabla `failed_jobs`
--

CREATE TABLE `failed_jobs` (
  `id` bigint(20) UNSIGNED NOT NULL,
  `connection` text COLLATE utf8mb4_unicode_ci NOT NULL,
  `queue` text COLLATE utf8mb4_unicode_ci NOT NULL,
  `payload` longtext COLLATE utf8mb4_unicode_ci NOT NULL,
  `exception` longtext COLLATE utf8mb4_unicode_ci NOT NULL,
  `failed_at` timestamp NOT NULL DEFAULT current_timestamp()
) ENGINE=InnoDB DEFAULT CHARSET=utf8mb4 COLLATE=utf8mb4_unicode_ci;

-- --------------------------------------------------------

--
-- Estructura de tabla para la tabla `migrations`
--

CREATE TABLE `migrations` (
  `id` int(10) UNSIGNED NOT NULL,
  `migration` varchar(255) COLLATE utf8mb4_unicode_ci NOT NULL,
  `batch` int(11) NOT NULL
) ENGINE=InnoDB DEFAULT CHARSET=utf8mb4 COLLATE=utf8mb4_unicode_ci;

--
-- Volcado de datos para la tabla `migrations`
--

INSERT INTO `migrations` (`id`, `migration`, `batch`) VALUES
(1, '2014_10_12_000000_create_users_table', 1),
(2, '2019_08_19_000000_create_failed_jobs_table', 1);

-- --------------------------------------------------------

--
-- Estructura de tabla para la tabla `muestra`
--

CREATE TABLE `muestra` (
  `id_muestra` int(12) NOT NULL,
  `documento` int(11) NOT NULL,
  `fecha_rrecepcion` date NOT NULL,
  `hora_rrecepcion` time NOT NULL,
  `fecha_muestreo` date NOT NULL,
  `hora_muestreo` time NOT NULL,
  `punto_muestreo` varchar(100) NOT NULL,
  `direccion` varchar(100) NOT NULL,
  `tipo_muestra` enum('Compuesta','Simple','Integrada') NOT NULL,
  `Observaciones` varchar(300) DEFAULT NULL,
  `Caudal` varchar(100) DEFAULT NULL,
  `Temperatura` varchar(100) DEFAULT NULL,
  `PH` varchar(100) DEFAULT NULL,
  `Conductividad` varchar(100) DEFAULT NULL,
  `Volumen` varchar(100) DEFAULT NULL,
  `Tiempo` varchar(100) DEFAULT NULL,
  `longitud` varchar(100) NOT NULL,
  `altitud` varchar(100) NOT NULL,
  `latitud` varchar(100) NOT NULL,
  `id_departamento` int(2) NOT NULL,
  `id_municipio` int(4) NOT NULL,
  `created_at` timestamp NULL DEFAULT current_timestamp(),
  `updated_at` timestamp NULL DEFAULT NULL
) ENGINE=InnoDB DEFAULT CHARSET=utf8mb4;

--
-- Volcado de datos para la tabla `muestra`
--

INSERT INTO `muestra` (`id_muestra`, `documento`, `fecha_rrecepcion`, `hora_rrecepcion`, `fecha_muestreo`, `hora_muestreo`, `punto_muestreo`, `direccion`, `tipo_muestra`, `Observaciones`, `Caudal`, `Temperatura`, `PH`, `Conductividad`, `Volumen`, `Tiempo`, `longitud`, `altitud`, `latitud`, `id_departamento`, `id_municipio`, `created_at`, `updated_at`) VALUES
(13, 1233, '2022-02-23', '11:56:00', '2021-09-23', '11:56:00', 'cALI', 'adas', 'Compuesta', 'adas', 'dasd', 'sdas', 'ada', 'das', 'adsd', 'dasd', 'jfakljdklasjklasjdsa', 'adsd', 'ad', 11, 530, '2021-09-23 16:56:54', '2022-06-01 01:51:06'),
(15, 12312, '2021-12-19', '15:52:00', '2021-12-12', '15:52:00', '12313', '12312', 'Simple', NULL, NULL, NULL, NULL, NULL, NULL, NULL, '312312', '312', '23423', 13, 626, '2021-12-12 20:52:38', '2022-02-22 06:00:17'),
(18, 11111, '2022-05-05', '13:10:00', '2022-05-05', '13:10:00', 'ayaya', '2', 'Compuesta', NULL, NULL, NULL, NULL, NULL, NULL, NULL, '2', '2', '2', 15, 679, '2022-05-05 18:11:12', '2022-05-05 23:11:48'),
(27, 454545, '2022-12-31', '12:59:00', '2022-12-31', '12:59:00', 'aca', '2', 'Simple', NULL, NULL, NULL, NULL, NULL, NULL, NULL, 'qwe', '1', '2000', 1, 13, '2022-06-01 19:21:36', '2022-06-02 00:57:55'),
(28, 46556465, '2022-01-01', '12:59:00', '2022-12-31', '12:59:00', 'aca', '2', 'Simple', NULL, NULL, NULL, NULL, NULL, NULL, NULL, 'qwe', '1', '2', 2, 114, '2022-06-01 22:08:43', '2022-06-02 03:09:14'),
(29, 123123, '2022-12-31', '12:59:00', '2022-12-31', '12:59:00', 'aca', '2', 'Simple', NULL, NULL, NULL, NULL, NULL, NULL, NULL, 'qwe', '1', '2', 12, 602, '2022-06-01 23:26:58', '2022-06-02 04:27:16');

-- --------------------------------------------------------

--
-- Estructura de tabla para la tabla `municipios`
--

CREATE TABLE `municipios` (
  `id_municipio` int(4) NOT NULL,
  `CiuCodigo` int(4) NOT NULL,
  `CiuNombre` varchar(80) COLLATE utf8_spanish_ci NOT NULL,
  `id_departamento` int(2) NOT NULL,
  `created_at` timestamp NULL DEFAULT NULL,
  `updated_at` timestamp NULL DEFAULT NULL
) ENGINE=InnoDB DEFAULT CHARSET=utf8 COLLATE=utf8_spanish_ci;

--
-- Volcado de datos para la tabla `municipios`
--

INSERT INTO `municipios` (`id_municipio`, `CiuCodigo`, `CiuNombre`, `id_departamento`, `created_at`, `updated_at`) VALUES
(1, 1, 'MEDELLIN', 1, NULL, NULL),
(2, 2, 'ABEJORRAL', 1, NULL, NULL),
(3, 4, 'ABRIAQUI', 1, NULL, NULL),
(4, 21, 'ALEJANDRIA', 1, NULL, NULL),
(5, 30, 'AMAGA', 1, NULL, NULL),
(6, 31, 'AMALFI', 1, NULL, NULL),
(7, 34, 'ANDES', 1, NULL, NULL),
(8, 36, 'ANGELOPOLIS', 1, NULL, NULL),
(9, 38, 'ANGOSTURA', 1, NULL, NULL),
(10, 40, 'ANORI', 1, NULL, NULL),
(11, 42, 'ANTIOQUIA', 1, NULL, NULL),
(12, 44, 'ANZA', 1, NULL, NULL),
(13, 45, 'APARTADO', 1, NULL, NULL),
(14, 51, 'ARBOLETES', 1, NULL, NULL),
(15, 55, 'ARGELIA', 1, NULL, NULL),
(16, 59, 'ARMENIA', 1, NULL, NULL),
(17, 79, 'BARBOSA', 1, NULL, NULL),
(18, 86, 'BELMIRA', 1, NULL, NULL),
(19, 88, 'BELLO', 1, NULL, NULL),
(20, 91, 'BETANIA', 1, NULL, NULL),
(21, 93, 'BETULIA', 1, NULL, NULL),
(22, 101, 'BOLIVAR', 1, NULL, NULL),
(23, 107, 'BRICEÑO', 1, NULL, NULL),
(24, 113, 'BURITICA', 1, NULL, NULL),
(25, 120, 'CACERES', 1, NULL, NULL),
(26, 125, 'CAICEDO', 1, NULL, NULL),
(27, 129, 'CALDAS', 1, NULL, NULL),
(28, 134, 'CAMPAMENTO', 1, NULL, NULL),
(29, 138, 'CAÑASGORDAS', 1, NULL, NULL),
(30, 142, 'CARACOLI', 1, NULL, NULL),
(31, 145, 'CARAMANTA', 1, NULL, NULL),
(32, 147, 'CAREPA', 1, NULL, NULL),
(33, 148, 'CARMEN DE VIBORAL', 1, NULL, NULL),
(34, 150, 'CAROLINA', 1, NULL, NULL),
(35, 154, 'CAUCASIA', 1, NULL, NULL),
(36, 172, 'CHIGORODO', 1, NULL, NULL),
(37, 190, 'CISNEROS', 1, NULL, NULL),
(38, 197, 'COCORNA', 1, NULL, NULL),
(39, 206, 'CONCEPCION', 1, NULL, NULL),
(40, 209, 'CONCORDIA', 1, NULL, NULL),
(41, 212, 'COPACABANA', 1, NULL, NULL),
(42, 234, 'DABEIBA', 1, NULL, NULL),
(43, 237, 'DON MATIAS', 1, NULL, NULL),
(44, 240, 'EBEJICO', 1, NULL, NULL),
(45, 250, 'EL BAGRE', 1, NULL, NULL),
(46, 264, 'ENTRERRIOS', 1, NULL, NULL),
(47, 266, 'ENVIGADO', 1, NULL, NULL),
(48, 282, 'FREDONIA', 1, NULL, NULL),
(49, 284, 'FRONTINO', 1, NULL, NULL),
(50, 306, 'GIRALDO', 1, NULL, NULL),
(51, 308, 'GIRARDOTA', 1, NULL, NULL),
(52, 310, 'GOMEZ PLATA', 1, NULL, NULL),
(53, 313, 'GRANADA', 1, NULL, NULL),
(54, 315, 'GUADALUPE', 1, NULL, NULL),
(55, 318, 'GUARNE', 1, NULL, NULL),
(56, 321, 'GUATAPE', 1, NULL, NULL),
(57, 347, 'HELICONIA', 1, NULL, NULL),
(58, 353, 'HISPANIA', 1, NULL, NULL),
(59, 360, 'ITAGUI', 1, NULL, NULL),
(60, 361, 'ITUANGO', 1, NULL, NULL),
(61, 364, 'JARDIN', 1, NULL, NULL),
(62, 368, 'JERICO', 1, NULL, NULL),
(63, 376, 'LA CEJA', 1, NULL, NULL),
(64, 380, 'LA ESTRELLA', 1, NULL, NULL),
(65, 390, 'LA PINTADA', 1, NULL, NULL),
(66, 400, 'LA UNION', 1, NULL, NULL),
(67, 411, 'LIBORINA', 1, NULL, NULL),
(68, 425, 'MACEO', 1, NULL, NULL),
(69, 440, 'MARINILLA', 1, NULL, NULL),
(70, 467, 'MONTEBELLO', 1, NULL, NULL),
(71, 475, 'MURINDO', 1, NULL, NULL),
(72, 480, 'MUTATA', 1, NULL, NULL),
(73, 483, 'NARIÑO', 1, NULL, NULL),
(74, 490, 'NECOCLI', 1, NULL, NULL),
(75, 495, 'NECHI', 1, NULL, NULL),
(76, 501, 'OLAYA', 1, NULL, NULL),
(77, 541, 'PEÑOL', 1, NULL, NULL),
(78, 543, 'PEQUE', 1, NULL, NULL),
(79, 576, 'PUEBLORRICO', 1, NULL, NULL),
(80, 579, 'PUERTO BERRIO', 1, NULL, NULL),
(81, 585, 'PUERTO NARE (LA MAGDALENA)', 1, NULL, NULL),
(82, 591, 'PUERTO TRIUNFO', 1, NULL, NULL),
(83, 604, 'REMEDIOS', 1, NULL, NULL),
(84, 607, 'RETIRO', 1, NULL, NULL),
(85, 615, 'RIONEGRO', 1, NULL, NULL),
(86, 628, 'SABANALARGA', 1, NULL, NULL),
(87, 631, 'SABANETA', 1, NULL, NULL),
(88, 642, 'SALGAR', 1, NULL, NULL),
(89, 647, 'SAN ANDRES', 1, NULL, NULL),
(90, 649, 'SAN CARLOS', 1, NULL, NULL),
(91, 652, 'SAN FRANCISCO', 1, NULL, NULL),
(92, 656, 'SAN JERONIMO', 1, NULL, NULL),
(93, 658, 'SAN JOSE DE LA MONTAÑA', 1, NULL, NULL),
(94, 659, 'SAN JUAN DE URABA', 1, NULL, NULL),
(95, 660, 'SAN LUIS', 1, NULL, NULL),
(96, 664, 'SAN PEDRO', 1, NULL, NULL),
(97, 665, 'SAN PEDRO DE URABA', 1, NULL, NULL),
(98, 667, 'SAN RAFAEL', 1, NULL, NULL),
(99, 670, 'SAN ROQUE', 1, NULL, NULL),
(100, 674, 'SAN VICENTE', 1, NULL, NULL),
(101, 679, 'SANTA BARBARA', 1, NULL, NULL),
(102, 686, 'SANTA ROSA DE OSOS', 1, NULL, NULL),
(103, 690, 'SANTO DOMINGO', 1, NULL, NULL),
(104, 697, 'SANTUARIO', 1, NULL, NULL),
(105, 736, 'SEGOVIA', 1, NULL, NULL),
(106, 756, 'SONSON', 1, NULL, NULL),
(107, 761, 'SOPETRAN', 1, NULL, NULL),
(108, 789, 'TAMESIS', 1, NULL, NULL),
(109, 790, 'TARAZA', 1, NULL, NULL),
(110, 792, 'TARSO', 1, NULL, NULL),
(111, 809, 'TITIRIBI', 1, NULL, NULL),
(112, 819, 'TOLEDO', 1, NULL, NULL),
(113, 837, 'TURBO', 1, NULL, NULL),
(114, 842, 'URAMITA', 1, NULL, NULL),
(115, 847, 'URRAO', 1, NULL, NULL),
(116, 854, 'VALDIVIA', 1, NULL, NULL),
(117, 856, 'VALPARAISO', 1, NULL, NULL),
(118, 858, 'VEGACHI', 1, NULL, NULL),
(119, 861, 'VENECIA', 1, NULL, NULL),
(120, 873, 'VIGIA DEL FUERTE', 1, NULL, NULL),
(121, 885, 'YALI', 1, NULL, NULL),
(122, 887, 'YARUMAL', 1, NULL, NULL),
(123, 890, 'YOLOMBO', 1, NULL, NULL),
(124, 893, 'YONDO', 1, NULL, NULL),
(125, 895, 'ZARAGOZA', 1, NULL, NULL),
(126, 1, 'BARRANQUILLA (DISTRITO ESPECIAL INDUSTRIAL Y PORTUARIO DE BARRANQUILLA)', 2, NULL, NULL),
(127, 78, 'BARANOA', 2, NULL, NULL),
(128, 137, 'CAMPO DE LA CRUZ', 2, NULL, NULL),
(129, 141, 'CANDELARIA', 2, NULL, NULL),
(130, 296, 'GALAPA', 2, NULL, NULL),
(131, 372, 'JUAN DE ACOSTA', 2, NULL, NULL),
(132, 421, 'LURUACO', 2, NULL, NULL),
(133, 433, 'MALAMBO', 2, NULL, NULL),
(134, 436, 'MANATI', 2, NULL, NULL),
(135, 520, 'PALMAR DE VARELA', 2, NULL, NULL),
(136, 549, 'PIOJO', 2, NULL, NULL),
(137, 558, 'POLO NUEVO', 2, NULL, NULL),
(138, 560, 'PONEDERA', 2, NULL, NULL),
(139, 573, 'PUERTO COLOMBIA', 2, NULL, NULL),
(140, 606, 'REPELON', 2, NULL, NULL),
(141, 634, 'SABANAGRANDE', 2, NULL, NULL),
(142, 638, 'SABANALARGA', 2, NULL, NULL),
(143, 675, 'SANTA LUCIA', 2, NULL, NULL),
(144, 685, 'SANTO TOMAS', 2, NULL, NULL),
(145, 758, 'SOLEDAD', 2, NULL, NULL),
(146, 770, 'SUAN', 2, NULL, NULL),
(147, 832, 'TUBARA', 2, NULL, NULL),
(148, 849, 'USIACURI', 2, NULL, NULL),
(149, 1, 'Santa Fe de Bogotá', 3, NULL, NULL),
(150, 1, 'USAQUEN', 3, NULL, NULL),
(151, 2, 'CHAPINERO', 3, NULL, NULL),
(152, 3, 'SANTA FE', 3, NULL, NULL),
(153, 4, 'SAN CRISTOBAL', 3, NULL, NULL),
(154, 5, 'USME', 3, NULL, NULL),
(155, 6, 'TUNJUELITO', 3, NULL, NULL),
(156, 7, 'BOSA', 3, NULL, NULL),
(157, 8, 'KENNEDY', 3, NULL, NULL),
(158, 9, 'FONTIBON', 3, NULL, NULL),
(159, 10, 'ENGATIVA', 3, NULL, NULL),
(160, 11, 'SUBA', 3, NULL, NULL),
(161, 12, 'BARRIOS UNIDOS', 3, NULL, NULL),
(162, 13, 'TEUSAQUILLO', 3, NULL, NULL),
(163, 14, 'MARTIRES', 3, NULL, NULL),
(164, 15, 'ANTONIO NARIÑO', 3, NULL, NULL),
(165, 16, 'PUENTE ARANDA', 3, NULL, NULL),
(166, 17, 'CANDELARIA', 3, NULL, NULL),
(167, 18, 'RAFAEL URIBE', 3, NULL, NULL),
(168, 19, 'CIUDAD BOLIVAR', 3, NULL, NULL),
(169, 20, 'SUMAPAZ', 3, NULL, NULL),
(170, 1, 'CARTAGENA (DISTRITO TURISTICO Y CULTURAL DE CARTAGENA)', 4, NULL, NULL),
(171, 6, 'ACHI', 4, NULL, NULL),
(172, 30, 'ALTOS DEL ROSARIO', 4, NULL, NULL),
(173, 42, 'ARENAL', 4, NULL, NULL),
(174, 52, 'ARJONA', 4, NULL, NULL),
(175, 62, 'ARROYOHONDO', 4, NULL, NULL),
(176, 74, 'BARRANCO DE LOBA', 4, NULL, NULL),
(177, 140, 'CALAMAR', 4, NULL, NULL),
(178, 160, 'CANTAGALLO', 4, NULL, NULL),
(179, 188, 'CICUCO', 4, NULL, NULL),
(180, 212, 'CORDOBA', 4, NULL, NULL),
(181, 222, 'CLEMENCIA', 4, NULL, NULL),
(182, 244, 'EL CARMEN DE BOLIVAR', 4, NULL, NULL),
(183, 248, 'EL GUAMO', 4, NULL, NULL),
(184, 268, 'EL PEÑON', 4, NULL, NULL),
(185, 300, 'HATILLO DE LOBA', 4, NULL, NULL),
(186, 430, 'MAGANGUE', 4, NULL, NULL),
(187, 433, 'MAHATES', 4, NULL, NULL),
(188, 440, 'MARGARITA', 4, NULL, NULL),
(189, 442, 'MARIA LA BAJA', 4, NULL, NULL),
(190, 458, 'MONTECRISTO', 4, NULL, NULL),
(191, 468, 'MOMPOS', 4, NULL, NULL),
(192, 473, 'MORALES', 4, NULL, NULL),
(193, 549, 'PINILLOS', 4, NULL, NULL),
(194, 580, 'REGIDOR', 4, NULL, NULL),
(195, 600, 'RIO VIEJO', 4, NULL, NULL),
(196, 620, 'SAN CRISTOBAL', 4, NULL, NULL),
(197, 647, 'SAN ESTANISLAO', 4, NULL, NULL),
(198, 650, 'SAN FERNANDO', 4, NULL, NULL),
(199, 654, 'SAN JACINTO', 4, NULL, NULL),
(200, 655, 'SAN JACINTO DEL CAUCA', 4, NULL, NULL),
(201, 657, 'SAN JUAN NEPOMUCENO', 4, NULL, NULL),
(202, 667, 'SAN MARTIN DE LOBA', 4, NULL, NULL),
(203, 670, 'SAN PABLO', 4, NULL, NULL),
(204, 673, 'SANTA CATALINA', 4, NULL, NULL),
(205, 683, 'SANTA ROSA', 4, NULL, NULL),
(206, 688, 'SANTA ROSA DEL SUR', 4, NULL, NULL),
(207, 744, 'SIMITI', 4, NULL, NULL),
(208, 760, 'SOPLAVIENTO', 4, NULL, NULL),
(209, 780, 'TALAIGUA NUEVO', 4, NULL, NULL),
(210, 810, 'TIQUISIO (PUERTO RICO)', 4, NULL, NULL),
(211, 836, 'TURBACO', 4, NULL, NULL),
(212, 838, 'TURBANA', 4, NULL, NULL),
(213, 873, 'VILLANUEVA', 4, NULL, NULL),
(214, 894, 'ZAMBRANO', 4, NULL, NULL),
(215, 1, 'TUNJA', 5, NULL, NULL),
(216, 22, 'ALMEIDA', 5, NULL, NULL),
(217, 47, 'AQUITANIA', 5, NULL, NULL),
(218, 51, 'ARCABUCO', 5, NULL, NULL),
(219, 87, 'BELEN', 5, NULL, NULL),
(220, 90, 'BERBEO', 5, NULL, NULL),
(221, 92, 'BETEITIVA', 5, NULL, NULL),
(222, 97, 'BOAVITA', 5, NULL, NULL),
(223, 104, 'BOYACA', 5, NULL, NULL),
(224, 106, 'BRICEÑO', 5, NULL, NULL),
(225, 109, 'BUENAVISTA', 5, NULL, NULL),
(226, 114, 'BUSBANZA', 5, NULL, NULL),
(227, 131, 'CALDAS', 5, NULL, NULL),
(228, 135, 'CAMPOHERMOSO', 5, NULL, NULL),
(229, 162, 'CERINZA', 5, NULL, NULL),
(230, 172, 'CHINAVITA', 5, NULL, NULL),
(231, 176, 'CHIQUINQUIRA', 5, NULL, NULL),
(232, 180, 'CHISCAS', 5, NULL, NULL),
(233, 183, 'CHITA', 5, NULL, NULL),
(234, 185, 'CHITARAQUE', 5, NULL, NULL),
(235, 187, 'CHIVATA', 5, NULL, NULL),
(236, 189, 'CIENEGA', 5, NULL, NULL),
(237, 204, 'COMBITA', 5, NULL, NULL),
(238, 212, 'COPER', 5, NULL, NULL),
(239, 215, 'CORRALES', 5, NULL, NULL),
(240, 218, 'COVARACHIA', 5, NULL, NULL),
(241, 223, 'CUBARA', 5, NULL, NULL),
(242, 224, 'CUCAITA', 5, NULL, NULL),
(243, 226, 'CUITIVA', 5, NULL, NULL),
(244, 232, 'CHIQUIZA', 5, NULL, NULL),
(245, 236, 'CHIVOR', 5, NULL, NULL),
(246, 238, 'DUITAMA', 5, NULL, NULL),
(247, 244, 'EL COCUY', 5, NULL, NULL),
(248, 248, 'EL ESPINO', 5, NULL, NULL),
(249, 272, 'FIRAVITOBA', 5, NULL, NULL),
(250, 276, 'FLORESTA', 5, NULL, NULL),
(251, 293, 'GACHANTIVA', 5, NULL, NULL),
(252, 296, 'GAMEZA', 5, NULL, NULL),
(253, 299, 'GARAGOA', 5, NULL, NULL),
(254, 317, 'GUACAMAYAS', 5, NULL, NULL),
(255, 322, 'GUATEQUE', 5, NULL, NULL),
(256, 325, 'GUAYATA', 5, NULL, NULL),
(257, 332, 'GUICAN', 5, NULL, NULL),
(258, 362, 'IZA', 5, NULL, NULL),
(259, 367, 'JENESANO', 5, NULL, NULL),
(260, 368, 'JERICO', 5, NULL, NULL),
(261, 377, 'LABRANZAGRANDE', 5, NULL, NULL),
(262, 380, 'LA CAPILLA', 5, NULL, NULL),
(263, 401, 'LA VICTORIA', 5, NULL, NULL),
(264, 403, 'LA UVITA', 5, NULL, NULL),
(265, 407, 'VILLA DE LEIVA', 5, NULL, NULL),
(266, 425, 'MACANAL', 5, NULL, NULL),
(267, 442, 'MARIPI', 5, NULL, NULL),
(268, 455, 'MIRAFLORES', 5, NULL, NULL),
(269, 464, 'MONGUA', 5, NULL, NULL),
(270, 466, 'MONGUI', 5, NULL, NULL),
(271, 469, 'MONIQUIRA', 5, NULL, NULL),
(272, 476, 'MOTAVITA', 5, NULL, NULL),
(273, 480, 'MUZO', 5, NULL, NULL),
(274, 491, 'NOBSA', 5, NULL, NULL),
(275, 494, 'NUEVO COLON', 5, NULL, NULL),
(276, 500, 'OICATA', 5, NULL, NULL),
(277, 507, 'OTANCHE', 5, NULL, NULL),
(278, 511, 'PACHAVITA', 5, NULL, NULL),
(279, 514, 'PAEZ', 5, NULL, NULL),
(280, 516, 'PAIPA', 5, NULL, NULL),
(281, 518, 'PAJARITO', 5, NULL, NULL),
(282, 522, 'PANQUEBA', 5, NULL, NULL),
(283, 531, 'PAUNA', 5, NULL, NULL),
(284, 533, 'PAYA', 5, NULL, NULL),
(285, 537, 'PAZ DEL RIO', 5, NULL, NULL),
(286, 542, 'PESCA', 5, NULL, NULL),
(287, 550, 'PISBA', 5, NULL, NULL),
(288, 572, 'PUERTO BOYACA', 5, NULL, NULL),
(289, 580, 'QUIPAMA', 5, NULL, NULL),
(290, 599, 'RAMIRIQUI', 5, NULL, NULL),
(291, 600, 'RAQUIRA', 5, NULL, NULL),
(292, 621, 'RONDON', 5, NULL, NULL),
(293, 632, 'SABOYA', 5, NULL, NULL),
(294, 638, 'SACHICA', 5, NULL, NULL),
(295, 646, 'SAMACA', 5, NULL, NULL),
(296, 660, 'SAN EDUARDO', 5, NULL, NULL),
(297, 664, 'SAN JOSE DE PARE', 5, NULL, NULL),
(298, 667, 'SAN LUIS DE GACENO', 5, NULL, NULL),
(299, 673, 'SAN MATEO', 5, NULL, NULL),
(300, 676, 'SAN MIGUEL DE SEMA', 5, NULL, NULL),
(301, 681, 'SAN PABLO DE BORBUR', 5, NULL, NULL),
(302, 686, 'SANTANA', 5, NULL, NULL),
(303, 690, 'SANTA MARIA', 5, NULL, NULL),
(304, 693, 'SANTA ROSA DE VITERBO', 5, NULL, NULL),
(305, 696, 'SANTA SOFIA', 5, NULL, NULL),
(306, 720, 'SATIVANORTE', 5, NULL, NULL),
(307, 723, 'SATIVASUR', 5, NULL, NULL),
(308, 740, 'SIACHOQUE', 5, NULL, NULL),
(309, 753, 'SOATA', 5, NULL, NULL),
(310, 755, 'SOCOTA', 5, NULL, NULL),
(311, 757, 'SOCHA', 5, NULL, NULL),
(312, 759, 'SOGAMOSO', 5, NULL, NULL),
(313, 761, 'SOMONDOCO', 5, NULL, NULL),
(314, 762, 'SORA', 5, NULL, NULL),
(315, 763, 'SOTAQUIRA', 5, NULL, NULL),
(316, 764, 'SORACA', 5, NULL, NULL),
(317, 774, 'SUSACON', 5, NULL, NULL),
(318, 776, 'SUTAMARCHAN', 5, NULL, NULL),
(319, 778, 'SUTATENZA', 5, NULL, NULL),
(320, 790, 'TASCO', 5, NULL, NULL),
(321, 798, 'TENZA', 5, NULL, NULL),
(322, 804, 'TIBANA', 5, NULL, NULL),
(323, 806, 'TIBASOSA', 5, NULL, NULL),
(324, 808, 'TINJACA', 5, NULL, NULL),
(325, 810, 'TIPACOQUE', 5, NULL, NULL),
(326, 814, 'TOCA', 5, NULL, NULL),
(327, 816, 'TOGUI', 5, NULL, NULL),
(328, 820, 'TOPAGA', 5, NULL, NULL),
(329, 822, 'TOTA', 5, NULL, NULL),
(330, 832, 'TUNUNGUA', 5, NULL, NULL),
(331, 835, 'TURMEQUE', 5, NULL, NULL),
(332, 837, 'TUTA', 5, NULL, NULL),
(333, 839, 'TUTASA', 5, NULL, NULL),
(334, 842, 'UMBITA', 5, NULL, NULL),
(335, 861, 'VENTAQUEMADA', 5, NULL, NULL),
(336, 879, 'VIRACACHA', 5, NULL, NULL),
(337, 897, 'ZETAQUIRA', 5, NULL, NULL),
(338, 1, 'MANIZALES', 6, NULL, NULL),
(339, 13, 'AGUADAS', 6, NULL, NULL),
(340, 42, 'ANSERMA', 6, NULL, NULL),
(341, 50, 'ARANZAZU', 6, NULL, NULL),
(342, 88, 'BELALCAZAR', 6, NULL, NULL),
(343, 174, 'CHINCHINA', 6, NULL, NULL),
(344, 272, 'FILADELFIA', 6, NULL, NULL),
(345, 380, 'LA DORADA', 6, NULL, NULL),
(346, 388, 'LA MERCED', 6, NULL, NULL),
(347, 433, 'MANZANARES', 6, NULL, NULL),
(348, 442, 'MARMATO', 6, NULL, NULL),
(349, 444, 'MARQUETALIA', 6, NULL, NULL),
(350, 446, 'MARULANDA', 6, NULL, NULL),
(351, 486, 'NEIRA', 6, NULL, NULL),
(352, 495, 'NORCASIA', 6, NULL, NULL),
(353, 513, 'PACORA', 6, NULL, NULL),
(354, 524, 'PALESTINA', 6, NULL, NULL),
(355, 541, 'PENSILVANIA', 6, NULL, NULL),
(356, 614, 'RIOSUCIO', 6, NULL, NULL),
(357, 616, 'RISARALDA', 6, NULL, NULL),
(358, 653, 'SALAMINA', 6, NULL, NULL),
(359, 662, 'SAMANA', 6, NULL, NULL),
(360, 665, 'SAN JOSE', 6, NULL, NULL),
(361, 777, 'SUPIA', 6, NULL, NULL),
(362, 867, 'VICTORIA', 6, NULL, NULL),
(363, 873, 'VILLAMARIA', 6, NULL, NULL),
(364, 877, 'VITERBO', 6, NULL, NULL),
(365, 1, 'FLORENCIA', 7, NULL, NULL),
(366, 29, 'ALBANIA', 7, NULL, NULL),
(367, 94, 'BELEN DE LOS ANDAQUIES', 7, NULL, NULL),
(368, 150, 'CARTAGENA DEL CHAIRA', 7, NULL, NULL),
(369, 205, 'CURILLO', 7, NULL, NULL),
(370, 247, 'EL DONCELLO', 7, NULL, NULL),
(371, 256, 'EL PAUJIL', 7, NULL, NULL),
(372, 410, 'LA MONTAÑITA', 7, NULL, NULL),
(373, 460, 'MILAN', 7, NULL, NULL),
(374, 479, 'MORELIA', 7, NULL, NULL),
(375, 592, 'PUERTO RICO', 7, NULL, NULL),
(376, 610, 'SAN JOSE DE FRAGUA', 7, NULL, NULL),
(377, 753, 'SAN VICENTE DEL CAGUAN', 7, NULL, NULL),
(378, 756, 'SOLANO', 7, NULL, NULL),
(379, 785, 'SOLITA', 7, NULL, NULL),
(380, 860, 'VALPARAISO', 7, NULL, NULL),
(381, 1, 'POPAYAN', 8, NULL, NULL),
(382, 22, 'ALMAGUER', 8, NULL, NULL),
(383, 50, 'ARGELIA', 8, NULL, NULL),
(384, 75, 'BALBOA', 8, NULL, NULL),
(385, 100, 'BOLIVAR', 8, NULL, NULL),
(386, 110, 'BUENOS AIRES', 8, NULL, NULL),
(387, 130, 'CAJIBIO', 8, NULL, NULL),
(388, 137, 'CALDONO', 8, NULL, NULL),
(389, 142, 'CALOTO', 8, NULL, NULL),
(390, 212, 'CORINTO', 8, NULL, NULL),
(391, 256, 'EL TAMBO', 8, NULL, NULL),
(392, 290, 'FLORENCIA', 8, NULL, NULL),
(393, 318, 'GUAPI', 8, NULL, NULL),
(394, 355, 'INZA', 8, NULL, NULL),
(395, 364, 'JAMBALO', 8, NULL, NULL),
(396, 392, 'LA SIERRA', 8, NULL, NULL),
(397, 397, 'LA VEGA', 8, NULL, NULL),
(398, 418, 'LOPEZ (MICAY)', 8, NULL, NULL),
(399, 450, 'MERCADERES', 8, NULL, NULL),
(400, 455, 'MIRANDA', 8, NULL, NULL),
(401, 473, 'MORALES', 8, NULL, NULL),
(402, 513, 'PADILLA', 8, NULL, NULL),
(403, 517, 'PAEZ (BELALCAZAR)', 8, NULL, NULL),
(404, 532, 'PATIA (EL BORDO)', 8, NULL, NULL),
(405, 533, 'PIAMONTE', 8, NULL, NULL),
(406, 548, 'PIENDAMO', 8, NULL, NULL),
(407, 573, 'PUERTO TEJADA', 8, NULL, NULL),
(408, 585, 'PURACE (COCONUCO)', 8, NULL, NULL),
(409, 622, 'ROSAS', 8, NULL, NULL),
(410, 693, 'SAN SEBASTIAN', 8, NULL, NULL),
(411, 698, 'SANTANDER DE QUILICHAO', 8, NULL, NULL),
(412, 701, 'SANTA ROSA', 8, NULL, NULL),
(413, 743, 'SILVIA', 8, NULL, NULL),
(414, 760, 'SOTARA (PAISPAMBA)', 8, NULL, NULL),
(415, 780, 'SUAREZ', 8, NULL, NULL),
(416, 807, 'TIMBIO', 8, NULL, NULL),
(417, 809, 'TIMBIQUI', 8, NULL, NULL),
(418, 821, 'TORIBIO', 8, NULL, NULL),
(419, 824, 'TOTORO', 8, NULL, NULL),
(420, 845, 'VILLARICA', 8, NULL, NULL),
(421, 1, 'VALLEDUPAR', 9, NULL, NULL),
(422, 11, 'AGUACHICA', 9, NULL, NULL),
(423, 13, 'AGUSTIN CODAZZI', 9, NULL, NULL),
(424, 32, 'ASTREA', 9, NULL, NULL),
(425, 45, 'BECERRIL', 9, NULL, NULL),
(426, 60, 'BOSCONIA', 9, NULL, NULL),
(427, 175, 'CHIMICHAGUA', 9, NULL, NULL),
(428, 178, 'CHIRIGUANA', 9, NULL, NULL),
(429, 228, 'CURUMANI', 9, NULL, NULL),
(430, 238, 'EL COPEY', 9, NULL, NULL),
(431, 250, 'EL PASO', 9, NULL, NULL),
(432, 295, 'GAMARRA', 9, NULL, NULL),
(433, 310, 'GONZALEZ', 9, NULL, NULL),
(434, 383, 'LA GLORIA', 9, NULL, NULL),
(435, 400, 'LA JAGUA IBIRICO', 9, NULL, NULL),
(436, 443, 'MANAURE (BALCON DEL CESAR)', 9, NULL, NULL),
(437, 517, 'PAILITAS', 9, NULL, NULL),
(438, 550, 'PELAYA', 9, NULL, NULL),
(439, 570, 'PUEBLO BELLO', 9, NULL, NULL),
(440, 614, 'RIO DE ORO', 9, NULL, NULL),
(441, 621, 'LA PAZ (ROBLES)', 9, NULL, NULL),
(442, 710, 'SAN ALBERTO', 9, NULL, NULL),
(443, 750, 'SAN DIEGO', 9, NULL, NULL),
(444, 770, 'SAN MARTIN', 9, NULL, NULL),
(445, 787, 'TAMALAMEQUE', 9, NULL, NULL),
(446, 1, 'MONTERIA', 10, NULL, NULL),
(447, 68, 'AYAPEL', 10, NULL, NULL),
(448, 79, 'BUENAVISTA', 10, NULL, NULL),
(449, 90, 'CANALETE', 10, NULL, NULL),
(450, 162, 'CERETE', 10, NULL, NULL),
(451, 168, 'CHIMA', 10, NULL, NULL),
(452, 182, 'CHINU', 10, NULL, NULL),
(453, 189, 'CIENAGA DE ORO', 10, NULL, NULL),
(454, 300, 'COTORRA', 10, NULL, NULL),
(455, 350, 'LA APARTADA', 10, NULL, NULL),
(456, 417, 'LORICA', 10, NULL, NULL),
(457, 419, 'LOS CORDOBAS', 10, NULL, NULL),
(458, 464, 'MOMIL', 10, NULL, NULL),
(459, 466, 'MONTELIBANO', 10, NULL, NULL),
(460, 500, 'MOÑITOS', 10, NULL, NULL),
(461, 555, 'PLANETA RICA', 10, NULL, NULL),
(462, 570, 'PUEBLO NUEVO', 10, NULL, NULL),
(463, 574, 'PUERTO ESCONDIDO', 10, NULL, NULL),
(464, 580, 'PUERTO LIBERTADOR', 10, NULL, NULL),
(465, 586, 'PURISIMA', 10, NULL, NULL),
(466, 660, 'SAHAGUN', 10, NULL, NULL),
(467, 670, 'SAN ANDRES SOTAVENTO', 10, NULL, NULL),
(468, 672, 'SAN ANTERO', 10, NULL, NULL),
(469, 675, 'SAN BERNARDO DEL VIENTO', 10, NULL, NULL),
(470, 678, 'SAN CARLOS', 10, NULL, NULL),
(471, 686, 'SAN PELAYO', 10, NULL, NULL),
(472, 807, 'TIERRALTA', 10, NULL, NULL),
(473, 855, 'VALENCIA', 10, NULL, NULL),
(474, 1, 'AGUA DE DIOS', 11, NULL, NULL),
(475, 19, 'ALBAN', 11, NULL, NULL),
(476, 35, 'ANAPOIMA', 11, NULL, NULL),
(477, 40, 'ANOLAIMA', 11, NULL, NULL),
(478, 53, 'ARBELAEZ', 11, NULL, NULL),
(479, 86, 'BELTRAN', 11, NULL, NULL),
(480, 95, 'BITUIMA', 11, NULL, NULL),
(481, 99, 'BOJACA', 11, NULL, NULL),
(482, 120, 'CABRERA', 11, NULL, NULL),
(483, 123, 'CACHIPAY', 11, NULL, NULL),
(484, 126, 'CAJICA', 11, NULL, NULL),
(485, 148, 'CAPARRAPI', 11, NULL, NULL),
(486, 151, 'CAQUEZA', 11, NULL, NULL),
(487, 154, 'CARMEN DE CARUPA', 11, NULL, NULL),
(488, 168, 'CHAGUANI', 11, NULL, NULL),
(489, 175, 'CHIA', 11, NULL, NULL),
(490, 178, 'CHIPAQUE', 11, NULL, NULL),
(491, 181, 'CHOACHI', 11, NULL, NULL),
(492, 183, 'CHOCONTA', 11, NULL, NULL),
(493, 200, 'COGUA', 11, NULL, NULL),
(494, 214, 'COTA', 11, NULL, NULL),
(495, 224, 'CUCUNUBA', 11, NULL, NULL),
(496, 245, 'EL COLEGIO', 11, NULL, NULL),
(497, 258, 'EL PEÑON', 11, NULL, NULL),
(498, 260, 'EL ROSAL', 11, NULL, NULL),
(499, 269, 'FACATATIVA', 11, NULL, NULL),
(500, 279, 'FOMEQUE', 11, NULL, NULL),
(501, 281, 'FOSCA', 11, NULL, NULL),
(502, 286, 'FUNZA', 11, NULL, NULL),
(503, 288, 'FUQUENE', 11, NULL, NULL),
(504, 290, 'FUSAGASUGA', 11, NULL, NULL),
(505, 293, 'GACHALA', 11, NULL, NULL),
(506, 295, 'GACHANCIPA', 11, NULL, NULL),
(507, 297, 'GACHETA', 11, NULL, NULL),
(508, 299, 'GAMA', 11, NULL, NULL),
(509, 307, 'GIRARDOT', 11, NULL, NULL),
(510, 312, 'GRANADA', 11, NULL, NULL),
(511, 317, 'GUACHETA', 11, NULL, NULL),
(512, 320, 'GUADUAS', 11, NULL, NULL),
(513, 322, 'GUASCA', 11, NULL, NULL),
(514, 324, 'GUATAQUI', 11, NULL, NULL),
(515, 326, 'GUATAVITA', 11, NULL, NULL),
(516, 328, 'GUAYABAL DE SIQUIMA', 11, NULL, NULL),
(517, 335, 'GUAYABETAL', 11, NULL, NULL),
(518, 339, 'GUTIERREZ', 11, NULL, NULL),
(519, 368, 'JERUSALEN', 11, NULL, NULL),
(520, 372, 'JUNIN', 11, NULL, NULL),
(521, 377, 'LA CALERA', 11, NULL, NULL),
(522, 386, 'LA MESA', 11, NULL, NULL),
(523, 394, 'LA PALMA', 11, NULL, NULL),
(524, 398, 'LA PEÑA', 11, NULL, NULL),
(525, 402, 'LA VEGA', 11, NULL, NULL),
(526, 407, 'LENGUAZAQUE', 11, NULL, NULL),
(527, 426, 'MACHETA', 11, NULL, NULL),
(528, 430, 'MADRID', 11, NULL, NULL),
(529, 436, 'MANTA', 11, NULL, NULL),
(530, 438, 'MEDINA', 11, NULL, NULL),
(531, 473, 'MOSQUERA', 11, NULL, NULL),
(532, 483, 'NARIÑO', 11, NULL, NULL),
(533, 486, 'NEMOCON', 11, NULL, NULL),
(534, 488, 'NILO', 11, NULL, NULL),
(535, 489, 'NIMAIMA', 11, NULL, NULL),
(536, 491, 'NOCAIMA', 11, NULL, NULL),
(537, 506, 'VENECIA (OSPINA PEREZ)', 11, NULL, NULL),
(538, 513, 'PACHO', 11, NULL, NULL),
(539, 518, 'PAIME', 11, NULL, NULL),
(540, 524, 'PANDI', 11, NULL, NULL),
(541, 530, 'PARATEBUENO', 11, NULL, NULL),
(542, 535, 'PASCA', 11, NULL, NULL),
(543, 572, 'PUERTO SALGAR', 11, NULL, NULL),
(544, 580, 'PULI', 11, NULL, NULL),
(545, 592, 'QUEBRADANEGRA', 11, NULL, NULL),
(546, 594, 'QUETAME', 11, NULL, NULL),
(547, 596, 'QUIPILE', 11, NULL, NULL),
(548, 599, 'APULO (RAFAEL REYES)', 11, NULL, NULL),
(549, 612, 'RICAURTE', 11, NULL, NULL),
(550, 645, 'SAN ANTONIO DEL TEQUENDAMA', 11, NULL, NULL),
(551, 649, 'SAN BERNARDO', 11, NULL, NULL),
(552, 653, 'SAN CAYETANO', 11, NULL, NULL),
(553, 658, 'SAN FRANCISCO', 11, NULL, NULL),
(554, 662, 'SAN JUAN DE RIOSECO', 11, NULL, NULL),
(555, 718, 'SASAIMA', 11, NULL, NULL),
(556, 736, 'SESQUILE', 11, NULL, NULL),
(557, 740, 'SIBATE', 11, NULL, NULL),
(558, 743, 'SILVANIA', 11, NULL, NULL),
(559, 745, 'SIMIJACA', 11, NULL, NULL),
(560, 754, 'SOACHA', 11, NULL, NULL),
(561, 758, 'SOPO', 11, NULL, NULL),
(562, 769, 'SUBACHOQUE', 11, NULL, NULL),
(563, 772, 'SUESCA', 11, NULL, NULL),
(564, 777, 'SUPATA', 11, NULL, NULL),
(565, 779, 'SUSA', 11, NULL, NULL),
(566, 781, 'SUTATAUSA', 11, NULL, NULL),
(567, 785, 'TABIO', 11, NULL, NULL),
(568, 793, 'TAUSA', 11, NULL, NULL),
(569, 797, 'TENA', 11, NULL, NULL),
(570, 799, 'TENJO', 11, NULL, NULL),
(571, 805, 'TIBACUY', 11, NULL, NULL),
(572, 807, 'TIBIRITA', 11, NULL, NULL),
(573, 815, 'TOCAIMA', 11, NULL, NULL),
(574, 817, 'TOCANCIPA', 11, NULL, NULL),
(575, 823, 'TOPAIPI', 11, NULL, NULL),
(576, 839, 'UBALA', 11, NULL, NULL),
(577, 841, 'UBAQUE', 11, NULL, NULL),
(578, 843, 'UBATE', 11, NULL, NULL),
(579, 845, 'UNE', 11, NULL, NULL),
(580, 851, 'UTICA', 11, NULL, NULL),
(581, 862, 'VERGARA', 11, NULL, NULL),
(582, 867, 'VIANI', 11, NULL, NULL),
(583, 871, 'VILLAGOMEZ', 11, NULL, NULL),
(584, 873, 'VILLAPINZON', 11, NULL, NULL),
(585, 875, 'VILLETA', 11, NULL, NULL),
(586, 878, 'VIOTA', 11, NULL, NULL),
(587, 885, 'YACOPI', 11, NULL, NULL),
(588, 898, 'ZIPACON', 11, NULL, NULL),
(589, 899, 'ZIPAQUIRA', 11, NULL, NULL),
(590, 1, 'QUIBDO (SAN FRANCISCO DE QUIBDO)', 12, NULL, NULL),
(591, 6, 'ACANDI', 12, NULL, NULL),
(592, 25, 'ALTO BAUDO (PIE DE PATO)', 12, NULL, NULL),
(593, 50, 'ATRATO', 12, NULL, NULL),
(594, 73, 'BAGADO', 12, NULL, NULL),
(595, 75, 'BAHIA SOLANO (MUTIS)', 12, NULL, NULL),
(596, 77, 'BAJO BAUDO (PIZARRO)', 12, NULL, NULL),
(597, 99, 'BOJAYA (BELLAVISTA)', 12, NULL, NULL),
(598, 135, 'CANTON DE SAN PABLO (MANAGRU)', 12, NULL, NULL),
(599, 205, 'CONDOTO', 12, NULL, NULL),
(600, 245, 'EL CARMEN DE ATRATO', 12, NULL, NULL),
(601, 250, 'LITORAL DEL BAJO SAN JUAN (SANTA GENOVEVA DE DOCORDO)', 12, NULL, NULL),
(602, 361, 'ISTMINA', 12, NULL, NULL),
(603, 372, 'JURADO', 12, NULL, NULL),
(604, 413, 'LLORO', 12, NULL, NULL),
(605, 425, 'MEDIO ATRATO', 12, NULL, NULL),
(606, 430, 'MEDIO BAUDO', 12, NULL, NULL),
(607, 491, 'NOVITA', 12, NULL, NULL),
(608, 495, 'NUQUI', 12, NULL, NULL),
(609, 600, 'RIOQUITO', 12, NULL, NULL),
(610, 615, 'RIOSUCIO', 12, NULL, NULL),
(611, 660, 'SAN JOSE DEL PALMAR', 12, NULL, NULL),
(612, 745, 'SIPI', 12, NULL, NULL),
(613, 787, 'TADO', 12, NULL, NULL),
(614, 800, 'UNGUIA', 12, NULL, NULL),
(615, 810, 'UNION PANAMERICANA', 12, NULL, NULL),
(616, 1, 'NEIVA', 13, NULL, NULL),
(617, 6, 'ACEVEDO', 13, NULL, NULL),
(618, 13, 'AGRADO', 13, NULL, NULL),
(619, 16, 'AIPE', 13, NULL, NULL),
(620, 20, 'ALGECIRAS', 13, NULL, NULL),
(621, 26, 'ALTAMIRA', 13, NULL, NULL),
(622, 78, 'BARAYA', 13, NULL, NULL),
(623, 132, 'CAMPOALEGRE', 13, NULL, NULL),
(624, 206, 'COLOMBIA', 13, NULL, NULL),
(625, 244, 'ELIAS', 13, NULL, NULL),
(626, 298, 'GARZON', 13, NULL, NULL),
(627, 306, 'GIGANTE', 13, NULL, NULL),
(628, 319, 'GUADALUPE', 13, NULL, NULL),
(629, 349, 'HOBO', 13, NULL, NULL),
(630, 357, 'IQUIRA', 13, NULL, NULL),
(631, 359, 'ISNOS (SAN JOSE DE ISNOS)', 13, NULL, NULL),
(632, 378, 'LA ARGENTINA', 13, NULL, NULL),
(633, 396, 'LA PLATA', 13, NULL, NULL),
(634, 483, 'NATAGA', 13, NULL, NULL),
(635, 503, 'OPORAPA', 13, NULL, NULL),
(636, 518, 'PAICOL', 13, NULL, NULL),
(637, 524, 'PALERMO', 13, NULL, NULL),
(638, 530, 'PALESTINA', 13, NULL, NULL),
(639, 548, 'PITAL', 13, NULL, NULL),
(640, 551, 'PITALITO', 13, NULL, NULL),
(641, 615, 'RIVERA', 13, NULL, NULL),
(642, 660, 'SALADOBLANCO', 13, NULL, NULL),
(643, 668, 'SAN AGUSTIN', 13, NULL, NULL),
(644, 676, 'SANTA MARIA', 13, NULL, NULL),
(645, 770, 'SUAZA', 13, NULL, NULL),
(646, 791, 'TARQUI', 13, NULL, NULL),
(647, 797, 'TESALIA', 13, NULL, NULL),
(648, 799, 'TELLO', 13, NULL, NULL),
(649, 801, 'TERUEL', 13, NULL, NULL),
(650, 807, 'TIMANA', 13, NULL, NULL),
(651, 872, 'VILLAVIEJA', 13, NULL, NULL),
(652, 885, 'YAGUARA', 13, NULL, NULL),
(653, 1, 'RIOHACHA', 14, NULL, NULL),
(654, 78, 'BARRANCAS', 14, NULL, NULL),
(655, 90, 'DIBULLA', 14, NULL, NULL),
(656, 98, 'DISTRACCION', 14, NULL, NULL),
(657, 110, 'EL MOLINO', 14, NULL, NULL),
(658, 279, 'FONSECA', 14, NULL, NULL),
(659, 378, 'HATONUEVO', 14, NULL, NULL),
(660, 420, 'LA JAGUA DEL PILAR', 14, NULL, NULL),
(661, 430, 'MAICAO', 14, NULL, NULL),
(662, 560, 'MANAURE', 14, NULL, NULL),
(663, 650, 'SAN JUAN DEL CESAR', 14, NULL, NULL),
(664, 847, 'URIBIA', 14, NULL, NULL),
(665, 855, 'URUMITA', 14, NULL, NULL),
(666, 874, 'VILLANUEVA', 14, NULL, NULL),
(667, 1, 'SANTA MARTA (DISTRITO TURISTICO CULTURAL E HISTORICO DE SANTA MARTA)', 15, NULL, NULL),
(668, 30, 'ALGARROBO', 15, NULL, NULL),
(669, 53, 'ARACATACA', 15, NULL, NULL),
(670, 58, 'ARIGUANI (EL DIFICIL)', 15, NULL, NULL),
(671, 161, 'CERRO SAN ANTONIO', 15, NULL, NULL),
(672, 170, 'CHIVOLO', 15, NULL, NULL),
(673, 189, 'CIENAGA', 15, NULL, NULL),
(674, 205, 'CONCORDIA', 15, NULL, NULL),
(675, 245, 'EL BANCO', 15, NULL, NULL),
(676, 258, 'EL PIÑON', 15, NULL, NULL),
(677, 268, 'EL RETEN', 15, NULL, NULL),
(678, 288, 'FUNDACION', 15, NULL, NULL),
(679, 318, 'GUAMAL', 15, NULL, NULL),
(680, 541, 'PEDRAZA', 15, NULL, NULL),
(681, 545, 'PIJIÑO DEL CARMEN (PIJIÑO)', 15, NULL, NULL),
(682, 551, 'PIVIJAY', 15, NULL, NULL),
(683, 555, 'PLATO', 15, NULL, NULL),
(684, 570, 'PUEBLOVIEJO', 15, NULL, NULL),
(685, 605, 'REMOLINO', 15, NULL, NULL),
(686, 660, 'SABANAS DE SAN ANGEL', 15, NULL, NULL),
(687, 675, 'SALAMINA', 15, NULL, NULL),
(688, 692, 'SAN SEBASTIAN DE BUENAVISTA', 15, NULL, NULL),
(689, 703, 'SAN ZENON', 15, NULL, NULL),
(690, 707, 'SANTA ANA', 15, NULL, NULL),
(691, 745, 'SITIONUEVO', 15, NULL, NULL),
(692, 798, 'TENERIFE', 15, NULL, NULL),
(693, 1, 'VILLAVICENCIO', 16, NULL, NULL),
(694, 6, 'ACACIAS', 16, NULL, NULL),
(695, 110, 'BARRANCA DE UPIA', 16, NULL, NULL),
(696, 124, 'CABUYARO', 16, NULL, NULL),
(697, 150, 'CASTILLA LA NUEVA', 16, NULL, NULL),
(698, 223, 'SAN LUIS DE CUBARRAL', 16, NULL, NULL),
(699, 226, 'CUMARAL', 16, NULL, NULL),
(700, 245, 'EL CALVARIO', 16, NULL, NULL),
(701, 251, 'EL CASTILLO', 16, NULL, NULL),
(702, 270, 'EL DORADO', 16, NULL, NULL),
(703, 287, 'FUENTE DE ORO', 16, NULL, NULL),
(704, 313, 'GRANADA', 16, NULL, NULL),
(705, 318, 'GUAMAL', 16, NULL, NULL),
(706, 325, 'MAPIRIPAN', 16, NULL, NULL),
(707, 330, 'MESETAS', 16, NULL, NULL),
(708, 350, 'LA MACARENA', 16, NULL, NULL),
(709, 370, 'LA URIBE', 16, NULL, NULL),
(710, 400, 'LEJANIAS', 16, NULL, NULL),
(711, 450, 'PUERTO CONCORDIA', 16, NULL, NULL),
(712, 568, 'PUERTO GAITAN', 16, NULL, NULL),
(713, 573, 'PUERTO LOPEZ', 16, NULL, NULL),
(714, 577, 'PUERTO LLERAS', 16, NULL, NULL),
(715, 590, 'PUERTO RICO', 16, NULL, NULL),
(716, 606, 'RESTREPO', 16, NULL, NULL),
(717, 680, 'SAN CARLOS DE GUAROA', 16, NULL, NULL),
(718, 683, 'SAN JUAN DE ARAMA', 16, NULL, NULL),
(719, 686, 'SAN JUANITO', 16, NULL, NULL),
(720, 689, 'SAN MARTIN', 16, NULL, NULL),
(721, 711, 'VISTAHERMOSA', 16, NULL, NULL),
(722, 1, 'PASTO (SAN JUAN DE PASTO)', 17, NULL, NULL),
(723, 19, 'ALBAN (SAN JOSE)', 17, NULL, NULL),
(724, 22, 'ALDANA', 17, NULL, NULL),
(725, 36, 'ANCUYA', 17, NULL, NULL),
(726, 51, 'ARBOLEDA (BERRUECOS)', 17, NULL, NULL),
(727, 79, 'BARBACOAS', 17, NULL, NULL),
(728, 83, 'BELEN', 17, NULL, NULL),
(729, 110, 'BUESACO', 17, NULL, NULL),
(730, 203, 'COLON (GENOVA)', 17, NULL, NULL),
(731, 207, 'CONSACA', 17, NULL, NULL),
(732, 210, 'CONTADERO', 17, NULL, NULL),
(733, 215, 'CORDOBA', 17, NULL, NULL),
(734, 224, 'CUASPUD (CARLOSAMA)', 17, NULL, NULL),
(735, 227, 'CUMBAL', 17, NULL, NULL),
(736, 233, 'CUMBITARA', 17, NULL, NULL),
(737, 240, 'CHACHAGUI', 17, NULL, NULL),
(738, 250, 'EL CHARCO', 17, NULL, NULL),
(739, 254, 'EL PEÑOL', 17, NULL, NULL),
(740, 256, 'EL ROSARIO', 17, NULL, NULL),
(741, 258, 'EL TABLON', 17, NULL, NULL),
(742, 260, 'EL TAMBO', 17, NULL, NULL),
(743, 287, 'FUNES', 17, NULL, NULL),
(744, 317, 'GUACHUCAL', 17, NULL, NULL),
(745, 320, 'GUAITARILLA', 17, NULL, NULL),
(746, 323, 'GUALMATAN', 17, NULL, NULL),
(747, 352, 'ILES', 17, NULL, NULL),
(748, 354, 'IMUES', 17, NULL, NULL),
(749, 356, 'IPIALES', 17, NULL, NULL),
(750, 378, 'LA CRUZ', 17, NULL, NULL),
(751, 381, 'LA FLORIDA', 17, NULL, NULL),
(752, 385, 'LA LLANADA', 17, NULL, NULL),
(753, 390, 'LA TOLA', 17, NULL, NULL),
(754, 399, 'LA UNION', 17, NULL, NULL),
(755, 405, 'LEIVA', 17, NULL, NULL),
(756, 411, 'LINARES', 17, NULL, NULL),
(757, 418, 'LOS ANDES (SOTOMAYOR)', 17, NULL, NULL),
(758, 427, 'MAGUI (PAYAN)', 17, NULL, NULL),
(759, 435, 'MALLAMA (PIEDRANCHA)', 17, NULL, NULL),
(760, 473, 'MOSQUERA', 17, NULL, NULL),
(761, 490, 'OLAYA HERRERA (BOCAS DE SATINGA)', 17, NULL, NULL),
(762, 506, 'OSPINA', 17, NULL, NULL),
(763, 520, 'FRANCISCO PIZARRO (SALAHONDA)', 17, NULL, NULL),
(764, 540, 'POLICARPA', 17, NULL, NULL),
(765, 560, 'POTOSI', 17, NULL, NULL),
(766, 565, 'PROVIDENCIA', 17, NULL, NULL),
(767, 573, 'PUERRES', 17, NULL, NULL),
(768, 585, 'PUPIALES', 17, NULL, NULL),
(769, 612, 'RICAURTE', 17, NULL, NULL),
(770, 621, 'ROBERTO PAYAN (SAN JOSE)', 17, NULL, NULL),
(771, 678, 'SAMANIEGO', 17, NULL, NULL),
(772, 683, 'SANDONA', 17, NULL, NULL),
(773, 685, 'SAN BERNARDO', 17, NULL, NULL),
(774, 687, 'SAN LORENZO', 17, NULL, NULL),
(775, 693, 'SAN PABLO', 17, NULL, NULL),
(776, 694, 'SAN PEDRO DE CARTAGO', 17, NULL, NULL),
(777, 696, 'SANTA BARBARA (ISCUANDE)', 17, NULL, NULL),
(778, 699, 'SANTA CRUZ (GUACHAVES)', 17, NULL, NULL),
(779, 720, 'SAPUYES', 17, NULL, NULL),
(780, 786, 'TAMINANGO', 17, NULL, NULL),
(781, 788, 'TANGUA', 17, NULL, NULL),
(782, 835, 'TUMACO', 17, NULL, NULL),
(783, 838, 'TUQUERRES', 17, NULL, NULL),
(784, 885, 'YACUANQUER', 17, NULL, NULL),
(785, 1, 'CUCUTA', 18, NULL, NULL),
(786, 3, 'ABREGO', 18, NULL, NULL),
(787, 51, 'ARBOLEDAS', 18, NULL, NULL),
(788, 99, 'BOCHALEMA', 18, NULL, NULL),
(789, 109, 'BUCARASICA', 18, NULL, NULL),
(790, 125, 'CACOTA', 18, NULL, NULL),
(791, 128, 'CACHIRA', 18, NULL, NULL),
(792, 172, 'CHINACOTA', 18, NULL, NULL),
(793, 174, 'CHITAGA', 18, NULL, NULL),
(794, 206, 'CONVENCION', 18, NULL, NULL),
(795, 223, 'CUCUTILLA', 18, NULL, NULL),
(796, 239, 'DURANIA', 18, NULL, NULL),
(797, 245, 'EL CARMEN', 18, NULL, NULL),
(798, 250, 'EL TARRA', 18, NULL, NULL),
(799, 261, 'EL ZULIA', 18, NULL, NULL),
(800, 313, 'GRAMALOTE', 18, NULL, NULL),
(801, 344, 'HACARI', 18, NULL, NULL),
(802, 347, 'HERRAN', 18, NULL, NULL),
(803, 377, 'LABATECA', 18, NULL, NULL),
(804, 385, 'LA ESPERANZA', 18, NULL, NULL),
(805, 398, 'LA PLAYA', 18, NULL, NULL),
(806, 405, 'LOS PATIOS', 18, NULL, NULL),
(807, 418, 'LOURDES', 18, NULL, NULL),
(808, 480, 'MUTISCUA', 18, NULL, NULL),
(809, 498, 'OCAÑA', 18, NULL, NULL),
(810, 518, 'PAMPLONA', 18, NULL, NULL),
(811, 520, 'PAMPLONITA', 18, NULL, NULL),
(812, 553, 'PUERTO SANTANDER', 18, NULL, NULL),
(813, 599, 'RAGONVALIA', 18, NULL, NULL),
(814, 660, 'SALAZAR', 18, NULL, NULL),
(815, 670, 'SAN CALIXTO', 18, NULL, NULL),
(816, 673, 'SAN CAYETANO', 18, NULL, NULL),
(817, 680, 'SANTIAGO', 18, NULL, NULL),
(818, 720, 'SARDINATA', 18, NULL, NULL),
(819, 743, 'SILOS', 18, NULL, NULL),
(820, 800, 'TEORAMA', 18, NULL, NULL),
(821, 810, 'TIBU', 18, NULL, NULL),
(822, 820, 'TOLEDO', 18, NULL, NULL),
(823, 871, 'VILLACARO', 18, NULL, NULL),
(824, 874, 'VILLA DEL ROSARIO', 18, NULL, NULL),
(825, 1, 'ARMENIA', 19, NULL, NULL),
(826, 111, 'BUENAVISTA', 19, NULL, NULL),
(827, 130, 'CALARCA', 19, NULL, NULL),
(828, 190, 'CIRCASIA', 19, NULL, NULL),
(829, 212, 'CORDOBA', 19, NULL, NULL),
(830, 272, 'FILANDIA', 19, NULL, NULL),
(831, 302, 'GENOVA', 19, NULL, NULL),
(832, 401, 'LA TEBAIDA', 19, NULL, NULL),
(833, 470, 'MONTENEGRO', 19, NULL, NULL),
(834, 548, 'PIJAO', 19, NULL, NULL),
(835, 594, 'QUIMBAYA', 19, NULL, NULL),
(836, 690, 'SALENTO', 19, NULL, NULL),
(837, 1, 'PEREIRA', 20, NULL, NULL),
(838, 45, 'APIA', 20, NULL, NULL),
(839, 75, 'BALBOA', 20, NULL, NULL),
(840, 88, 'BELEN DE UMBRIA', 20, NULL, NULL),
(841, 170, 'DOS QUEBRADAS', 20, NULL, NULL),
(842, 318, 'GUATICA', 20, NULL, NULL),
(843, 383, 'LA CELIA', 20, NULL, NULL),
(844, 400, 'LA VIRGINIA', 20, NULL, NULL),
(845, 440, 'MARSELLA', 20, NULL, NULL),
(846, 456, 'MISTRATO', 20, NULL, NULL),
(847, 572, 'PUEBLO RICO', 20, NULL, NULL),
(848, 594, 'QUINCHIA', 20, NULL, NULL),
(849, 682, 'SANTA ROSA DE CABAL', 20, NULL, NULL),
(850, 687, 'SANTUARIO', 20, NULL, NULL),
(851, 1, 'BUCARAMANGA', 21, NULL, NULL),
(852, 13, 'AGUADA', 21, NULL, NULL),
(853, 20, 'ALBANIA', 21, NULL, NULL),
(854, 51, 'ARATOCA', 21, NULL, NULL),
(855, 77, 'BARBOSA', 21, NULL, NULL),
(856, 79, 'BARICHARA', 21, NULL, NULL),
(857, 81, 'BARRANCABERMEJA', 21, NULL, NULL),
(858, 92, 'BETULIA', 21, NULL, NULL),
(859, 101, 'BOLIVAR', 21, NULL, NULL),
(860, 121, 'CABRERA', 21, NULL, NULL),
(861, 132, 'CALIFORNIA', 21, NULL, NULL),
(862, 147, 'CAPITANEJO', 21, NULL, NULL),
(863, 152, 'CARCASI', 21, NULL, NULL),
(864, 160, 'CEPITA', 21, NULL, NULL),
(865, 162, 'CERRITO', 21, NULL, NULL),
(866, 167, 'CHARALA', 21, NULL, NULL),
(867, 169, 'CHARTA', 21, NULL, NULL),
(868, 176, 'CHIMA', 21, NULL, NULL),
(869, 179, 'CHIPATA', 21, NULL, NULL),
(870, 190, 'CIMITARRA', 21, NULL, NULL),
(871, 207, 'CONCEPCION', 21, NULL, NULL),
(872, 209, 'CONFINES', 21, NULL, NULL),
(873, 211, 'CONTRATACION', 21, NULL, NULL),
(874, 217, 'COROMORO', 21, NULL, NULL),
(875, 229, 'CURITI', 21, NULL, NULL),
(876, 235, 'EL CARMEN DE CHUCURY', 21, NULL, NULL),
(877, 245, 'EL GUACAMAYO', 21, NULL, NULL),
(878, 250, 'EL PEÑON', 21, NULL, NULL),
(879, 255, 'EL PLAYON', 21, NULL, NULL),
(880, 264, 'ENCINO', 21, NULL, NULL),
(881, 266, 'ENCISO', 21, NULL, NULL),
(882, 271, 'FLORIAN', 21, NULL, NULL),
(883, 276, 'FLORIDABLANCA', 21, NULL, NULL),
(884, 296, 'GALAN', 21, NULL, NULL),
(885, 298, 'GAMBITA', 21, NULL, NULL),
(886, 307, 'GIRON', 21, NULL, NULL),
(887, 318, 'GUACA', 21, NULL, NULL),
(888, 320, 'GUADALUPE', 21, NULL, NULL),
(889, 322, 'GUAPOTA', 21, NULL, NULL),
(890, 324, 'GUAVATA', 21, NULL, NULL),
(891, 327, 'GUEPSA', 21, NULL, NULL),
(892, 344, 'HATO', 21, NULL, NULL),
(893, 368, 'JESUS MARIA', 21, NULL, NULL),
(894, 370, 'JORDAN', 21, NULL, NULL),
(895, 377, 'LA BELLEZA', 21, NULL, NULL),
(896, 385, 'LANDAZURI', 21, NULL, NULL),
(897, 397, 'LA PAZ', 21, NULL, NULL),
(898, 406, 'LEBRIJA', 21, NULL, NULL),
(899, 418, 'LOS SANTOS', 21, NULL, NULL),
(900, 425, 'MACARAVITA', 21, NULL, NULL),
(901, 432, 'MALAGA', 21, NULL, NULL),
(902, 444, 'MATANZA', 21, NULL, NULL),
(903, 464, 'MOGOTES', 21, NULL, NULL),
(904, 468, 'MOLAGAVITA', 21, NULL, NULL),
(905, 498, 'OCAMONTE', 21, NULL, NULL),
(906, 500, 'OIBA', 21, NULL, NULL),
(907, 502, 'ONZAGA', 21, NULL, NULL),
(908, 522, 'PALMAR', 21, NULL, NULL),
(909, 524, 'PALMAS DEL SOCORRO', 21, NULL, NULL),
(910, 533, 'PARAMO', 21, NULL, NULL),
(911, 547, 'PIEDECUESTA', 21, NULL, NULL),
(912, 549, 'PINCHOTE', 21, NULL, NULL),
(913, 572, 'PUENTE NACIONAL', 21, NULL, NULL),
(914, 573, 'PUERTO PARRA', 21, NULL, NULL),
(915, 575, 'PUERTO WILCHES', 21, NULL, NULL),
(916, 615, 'RIONEGRO', 21, NULL, NULL),
(917, 655, 'SABANA DE TORRES', 21, NULL, NULL),
(918, 669, 'SAN ANDRES', 21, NULL, NULL),
(919, 673, 'SAN BENITO', 21, NULL, NULL),
(920, 679, 'SAN GIL', 21, NULL, NULL),
(921, 682, 'SAN JOAQUIN', 21, NULL, NULL),
(922, 684, 'SAN JOSE DE MIRANDA', 21, NULL, NULL),
(923, 686, 'SAN MIGUEL', 21, NULL, NULL),
(924, 689, 'SAN VICENTE DE CHUCURI', 21, NULL, NULL),
(925, 705, 'SANTA BARBARA', 21, NULL, NULL),
(926, 720, 'SANTA HELENA DEL OPON', 21, NULL, NULL),
(927, 745, 'SIMACOTA', 21, NULL, NULL),
(928, 755, 'SOCORRO', 21, NULL, NULL),
(929, 770, 'SUAITA', 21, NULL, NULL),
(930, 773, 'SUCRE', 21, NULL, NULL),
(931, 780, 'SURATA', 21, NULL, NULL),
(932, 820, 'TONA', 21, NULL, NULL),
(933, 855, 'VALLE SAN JOSE', 21, NULL, NULL),
(934, 861, 'VELEZ', 21, NULL, NULL),
(935, 867, 'VETAS', 21, NULL, NULL),
(936, 872, 'VILLANUEVA', 21, NULL, NULL),
(937, 895, 'ZAPATOCA', 21, NULL, NULL),
(938, 1, 'SINCELEJO', 22, NULL, NULL),
(939, 110, 'BUENAVISTA', 22, NULL, NULL),
(940, 124, 'CAIMITO', 22, NULL, NULL),
(941, 204, 'COLOSO (RICAURTE)', 22, NULL, NULL),
(942, 215, 'COROZAL', 22, NULL, NULL),
(943, 230, 'CHALAN', 22, NULL, NULL),
(944, 235, 'GALERAS (NUEVA GRANADA)', 22, NULL, NULL),
(945, 265, 'GUARANDA', 22, NULL, NULL),
(946, 400, 'LA UNION', 22, NULL, NULL),
(947, 418, 'LOS PALMITOS', 22, NULL, NULL),
(948, 429, 'MAJAGUAL', 22, NULL, NULL),
(949, 473, 'MORROA', 22, NULL, NULL),
(950, 508, 'OVEJAS', 22, NULL, NULL),
(951, 523, 'PALMITO', 22, NULL, NULL),
(952, 670, 'SAMPUES', 22, NULL, NULL),
(953, 678, 'SAN BENITO ABAD', 22, NULL, NULL),
(954, 702, 'SAN JUAN DE BETULIA', 22, NULL, NULL),
(955, 708, 'SAN MARCOS', 22, NULL, NULL),
(956, 713, 'SAN ONOFRE', 22, NULL, NULL),
(957, 717, 'SAN PEDRO', 22, NULL, NULL),
(958, 742, 'SINCE', 22, NULL, NULL),
(959, 771, 'SUCRE', 22, NULL, NULL),
(960, 820, 'TOLU', 22, NULL, NULL),
(961, 823, 'TOLUVIEJO', 22, NULL, NULL),
(962, 1, 'IBAGUE', 23, NULL, NULL),
(963, 24, 'ALPUJARRA', 23, NULL, NULL),
(964, 26, 'ALVARADO', 23, NULL, NULL),
(965, 30, 'AMBALEMA', 23, NULL, NULL),
(966, 43, 'ANZOATEGUI', 23, NULL, NULL),
(967, 55, 'ARMERO (GUAYABAL)', 23, NULL, NULL),
(968, 67, 'ATACO', 23, NULL, NULL),
(969, 124, 'CAJAMARCA', 23, NULL, NULL),
(970, 148, 'CARMEN APICALA', 23, NULL, NULL),
(971, 152, 'CASABIANCA', 23, NULL, NULL),
(972, 168, 'CHAPARRAL', 23, NULL, NULL),
(973, 200, 'COELLO', 23, NULL, NULL),
(974, 217, 'COYAIMA', 23, NULL, NULL),
(975, 226, 'CUNDAY', 23, NULL, NULL),
(976, 236, 'DOLORES', 23, NULL, NULL),
(977, 268, 'ESPINAL', 23, NULL, NULL),
(978, 270, 'FALAN', 23, NULL, NULL),
(979, 275, 'FLANDES', 23, NULL, NULL),
(980, 283, 'FRESNO', 23, NULL, NULL),
(981, 319, 'GUAMO', 23, NULL, NULL),
(982, 347, 'HERVEO', 23, NULL, NULL),
(983, 349, 'HONDA', 23, NULL, NULL),
(984, 352, 'ICONONZO', 23, NULL, NULL),
(985, 408, 'LERIDA', 23, NULL, NULL),
(986, 411, 'LIBANO', 23, NULL, NULL),
(987, 443, 'MARIQUITA', 23, NULL, NULL),
(988, 449, 'MELGAR', 23, NULL, NULL),
(989, 461, 'MURILLO', 23, NULL, NULL),
(990, 483, 'NATAGAIMA', 23, NULL, NULL),
(991, 504, 'ORTEGA', 23, NULL, NULL),
(992, 520, 'PALOCABILDO', 23, NULL, NULL),
(993, 547, 'PIEDRAS', 23, NULL, NULL),
(994, 555, 'PLANADAS', 23, NULL, NULL),
(995, 563, 'PRADO', 23, NULL, NULL),
(996, 585, 'PURIFICACION', 23, NULL, NULL),
(997, 616, 'RIOBLANCO', 23, NULL, NULL),
(998, 622, 'RONCESVALLES', 23, NULL, NULL),
(999, 624, 'ROVIRA', 23, NULL, NULL),
(1000, 671, 'SALDAÑA', 23, NULL, NULL),
(1001, 675, 'SAN ANTONIO', 23, NULL, NULL),
(1002, 678, 'SAN LUIS', 23, NULL, NULL),
(1003, 686, 'SANTA ISABEL', 23, NULL, NULL),
(1004, 770, 'SUAREZ', 23, NULL, NULL),
(1005, 854, 'VALLE DE SAN JUAN', 23, NULL, NULL),
(1006, 861, 'VENADILLO', 23, NULL, NULL),
(1007, 870, 'VILLAHERMOSA', 23, NULL, NULL),
(1008, 873, 'VILLARRICA', 23, NULL, NULL),
(1009, 1, 'CALI (SANTIAGO DE CALI)', 24, NULL, NULL),
(1010, 20, 'ALCALA', 24, NULL, NULL),
(1011, 36, 'ANDALUCIA', 24, NULL, NULL),
(1012, 41, 'ANSERMANUEVO', 24, NULL, NULL),
(1013, 54, 'ARGELIA', 24, NULL, NULL),
(1014, 100, 'BOLIVAR', 24, NULL, NULL),
(1015, 109, 'BUENAVENTURA', 24, NULL, NULL),
(1016, 111, 'BUGA', 24, NULL, NULL),
(1017, 113, 'BUGALAGRANDE', 24, NULL, NULL),
(1018, 122, 'CAICEDONIA', 24, NULL, NULL),
(1019, 126, 'CALIMA (DARIEN)', 24, NULL, NULL),
(1020, 130, 'CANDELARIA', 24, NULL, NULL),
(1021, 147, 'CARTAGO', 24, NULL, NULL),
(1022, 233, 'DAGUA', 24, NULL, NULL),
(1023, 243, 'EL AGUILA', 24, NULL, NULL),
(1024, 246, 'EL CAIRO', 24, NULL, NULL),
(1025, 248, 'EL CERRITO', 24, NULL, NULL),
(1026, 250, 'EL DOVIO', 24, NULL, NULL),
(1027, 275, 'FLORIDA', 24, NULL, NULL),
(1028, 306, 'GINEBRA', 24, NULL, NULL),
(1029, 318, 'GUACARI', 24, NULL, NULL),
(1030, 364, 'JAMUNDI', 24, NULL, NULL),
(1031, 377, 'LA CUMBRE', 24, NULL, NULL),
(1032, 400, 'LA UNION', 24, NULL, NULL),
(1033, 403, 'LA VICTORIA', 24, NULL, NULL),
(1034, 497, 'OBANDO', 24, NULL, NULL),
(1035, 520, 'PALMIRA', 24, NULL, NULL),
(1036, 563, 'PRADERA', 24, NULL, NULL),
(1037, 606, 'RESTREPO', 24, NULL, NULL),
(1038, 616, 'RIOFRIO', 24, NULL, NULL),
(1039, 622, 'ROLDANILLO', 24, NULL, NULL),
(1040, 670, 'SAN PEDRO', 24, NULL, NULL),
(1041, 736, 'SEVILLA', 24, NULL, NULL),
(1042, 823, 'TORO', 24, NULL, NULL),
(1043, 828, 'TRUJILLO', 24, NULL, NULL),
(1044, 834, 'TULUA', 24, NULL, NULL),
(1045, 845, 'ULLOA', 24, NULL, NULL),
(1046, 863, 'VERSALLES', 24, NULL, NULL),
(1047, 869, 'VIJES', 24, NULL, NULL),
(1048, 890, 'YOTOCO', 24, NULL, NULL),
(1049, 892, 'YUMBO', 24, NULL, NULL),
(1050, 895, 'ZARZAL', 24, NULL, NULL),
(1051, 1, 'ARAUCA', 25, NULL, NULL),
(1052, 65, 'ARAUQUITA', 25, NULL, NULL),
(1053, 220, 'CRAVO NORTE', 25, NULL, NULL),
(1054, 300, 'FORTUL', 25, NULL, NULL),
(1055, 591, 'PUERTO RONDON', 25, NULL, NULL),
(1056, 736, 'SARAVENA', 25, NULL, NULL),
(1057, 794, 'TAME', 25, NULL, NULL),
(1058, 1, 'YOPAL', 26, NULL, NULL),
(1059, 10, 'AGUAZUL', 26, NULL, NULL),
(1060, 15, 'CHAMEZA', 26, NULL, NULL),
(1061, 125, 'HATO COROZAL', 26, NULL, NULL),
(1062, 136, 'LA SALINA', 26, NULL, NULL),
(1063, 139, 'MANI', 26, NULL, NULL),
(1064, 162, 'MONTERREY', 26, NULL, NULL),
(1065, 225, 'NUNCHIA', 26, NULL, NULL),
(1066, 230, 'OROCUE', 26, NULL, NULL),
(1067, 250, 'PAZ DE ARIPORO', 26, NULL, NULL),
(1068, 263, 'PORE', 26, NULL, NULL),
(1069, 279, 'RECETOR', 26, NULL, NULL),
(1070, 300, 'SABANALARGA', 26, NULL, NULL),
(1071, 315, 'SACAMA', 26, NULL, NULL),
(1072, 325, 'SAN LUIS DE PALENQUE', 26, NULL, NULL),
(1073, 400, 'TAMARA', 26, NULL, NULL),
(1074, 410, 'TAURAMENA', 26, NULL, NULL),
(1075, 430, 'TRINIDAD', 26, NULL, NULL),
(1076, 440, 'VILLANUEVA', 26, NULL, NULL),
(1077, 1, 'MOCOA', 27, NULL, NULL),
(1078, 219, 'COLON', 27, NULL, NULL),
(1079, 320, 'ORITO', 27, NULL, NULL),
(1080, 568, 'PUERTO ASIS', 27, NULL, NULL),
(1081, 569, 'PUERTO CAICEDO', 27, NULL, NULL),
(1082, 571, 'PUERTO GUZMAN', 27, NULL, NULL),
(1083, 573, 'PUERTO LEGUIZAMO', 27, NULL, NULL),
(1084, 749, 'SIBUNDOY', 27, NULL, NULL),
(1085, 755, 'SAN FRANCISCO', 27, NULL, NULL),
(1086, 757, 'SAN MIGUEL (LA DORADA)', 27, NULL, NULL),
(1087, 760, 'SANTIAGO', 27, NULL, NULL),
(1088, 865, 'LA HORMIGA (VALLE DEL GUAMUEZ)', 27, NULL, NULL),
(1089, 885, 'VILLAGARZON', 27, NULL, NULL),
(1090, 1, 'SAN ANDRES', 28, NULL, NULL),
(1091, 564, 'PROVIDENCIA', 28, NULL, NULL),
(1092, 1, 'LETICIA', 29, NULL, NULL),
(1093, 263, 'EL ENCANTO', 29, NULL, NULL),
(1094, 405, 'LA CHORRERA', 29, NULL, NULL),
(1095, 407, 'LA PEDRERA', 29, NULL, NULL),
(1096, 430, 'LA VICTORIA', 29, NULL, NULL),
(1097, 460, 'MIRITI-PARANA', 29, NULL, NULL),
(1098, 530, 'PUERTO ALEGRIA', 29, NULL, NULL),
(1099, 536, 'PUERTO ARICA', 29, NULL, NULL),
(1100, 540, 'PUERTO NARIÑO', 29, NULL, NULL),
(1101, 669, 'PUERTO SANTANDER', 29, NULL, NULL),
(1102, 798, 'TARAPACA', 29, NULL, NULL),
(1103, 1, 'PUERTO INIRIDA', 30, NULL, NULL),
(1104, 343, 'BARRANCO MINAS', 30, NULL, NULL),
(1105, 883, 'SAN FELIPE', 30, NULL, NULL),
(1106, 884, 'PUERTO COLOMBIA', 30, NULL, NULL),
(1107, 885, 'LA GUADALUPE', 30, NULL, NULL),
(1108, 886, 'CACAHUAL', 30, NULL, NULL),
(1109, 887, 'PANA PANA (CAMPO ALEGRE)', 30, NULL, NULL),
(1110, 888, 'MORICHAL (MORICHAL NUEVO)', 30, NULL, NULL),
(1111, 1, 'SAN JOSE DEL GUAVIARE', 31, NULL, NULL),
(1112, 15, 'CALAMAR', 31, NULL, NULL),
(1113, 25, 'EL RETORNO', 31, NULL, NULL),
(1114, 200, 'MIRAFLORES', 31, NULL, NULL),
(1115, 1, 'MITU', 32, NULL, NULL),
(1116, 161, 'CARURU', 32, NULL, NULL),
(1117, 511, 'PACOA', 32, NULL, NULL),
(1118, 666, 'TARAIRA', 32, NULL, NULL),
(1119, 777, 'PAPUNAUA (MORICHAL)', 32, NULL, NULL),
(1120, 889, 'YAVARATE', 32, NULL, NULL),
(1121, 1, 'PUERTO CARREÑO', 33, NULL, NULL),
(1122, 524, 'LA PRIMAVERA', 33, NULL, NULL),
(1123, 572, 'SANTA RITA', 33, NULL, NULL),
(1124, 666, 'SANTA ROSALIA', 33, NULL, NULL),
(1125, 760, 'SAN JOSE DE OCUNE', 33, NULL, NULL),
(1126, 773, 'CUMARIBO', 33, NULL, NULL);

-- --------------------------------------------------------

--
-- Estructura de tabla para la tabla `parametros`
--

CREATE TABLE `parametros` (
  `id_parametro` int(10) NOT NULL,
  `Nom_parametro` varchar(100) NOT NULL,
  `nom_bd` text NOT NULL,
  `Unidad_medida` varchar(30) NOT NULL,
  `metodo` varchar(100) NOT NULL,
  `minimo` varchar(100) NOT NULL,
  `maximo` varchar(100) NOT NULL,
  `created_at` timestamp NULL DEFAULT NULL,
  `updated_at` timestamp NULL DEFAULT NULL
) ENGINE=InnoDB DEFAULT CHARSET=utf8mb4;

--
-- Volcado de datos para la tabla `parametros`
--

INSERT INTO `parametros` (`id_parametro`, `Nom_parametro`, `nom_bd`, `Unidad_medida`, `metodo`, `minimo`, `maximo`, `created_at`, `updated_at`) VALUES
(2, 'Conductividad (in situ)', 'conductividad', 'us/cm', 'Electrometrico', '0', '6', '2022-02-03 04:51:01', '2022-04-06 21:44:16'),
(3, 'Cloro residual libre (in situ)', 'cloro', 'mg/L', 'Fotometrico', '1', '3', '2022-02-04 04:51:06', '2021-09-23 19:06:43'),
(4, 'Turbiedad', 'turbiedad', 'UNT', 'Nefelometrico', '1', '7', '2022-02-18 04:51:12', '2021-09-23 19:06:50'),
(5, 'Color aparente', 'color', 'UPC', 'Espectrofotometrico', '1', '4', '2022-02-10 04:51:18', '2021-09-23 19:07:08'),
(6, 'Coliformes totales', 'coliformes', 'UFC/100mL', 'Filtracion por membrana', '1', '9', '2022-02-08 04:51:22', '2021-09-23 19:07:17'),
(7, 'E-coli', 'ecoli', 'UFC/100mL', 'Filtracion por membrana', '5', '6', '2022-02-11 04:51:27', '2021-09-23 19:07:26');

-- --------------------------------------------------------

--
-- Estructura de tabla para la tabla `resultado`
--

CREATE TABLE `resultado` (
  `id_resultado` int(10) NOT NULL,
  `fecha_resultado` date DEFAULT NULL,
  `id_muestra` int(12) NOT NULL,
  `id_parametro` int(10) DEFAULT NULL,
  `idCliente` int(12) NOT NULL,
  `id_encargado` int(11) NOT NULL,
  `conductividad` varchar(15) NOT NULL,
  `cloro` varchar(15) NOT NULL,
  `turbiedad` varchar(15) NOT NULL,
  `color` varchar(15) NOT NULL,
  `coliformes` varchar(15) NOT NULL,
  `ecoli` varchar(15) NOT NULL,
  `resultado` varchar(100) NOT NULL,
  `created_at` timestamp NOT NULL DEFAULT current_timestamp(),
  `updated_at` timestamp NOT NULL DEFAULT current_timestamp()
) ENGINE=InnoDB DEFAULT CHARSET=utf8mb4;

--
-- Volcado de datos para la tabla `resultado`
--

INSERT INTO `resultado` (`id_resultado`, `fecha_resultado`, `id_muestra`, `id_parametro`, `idCliente`, `id_encargado`, `conductividad`, `cloro`, `turbiedad`, `color`, `coliformes`, `ecoli`, `resultado`, `created_at`, `updated_at`) VALUES
(23, '2022-05-12', 24, NULL, 1, 11, '56565', '56', '56', '56', '56', '56', '1', '2022-05-31 23:38:47', '2022-05-31 23:38:47'),
(24, '2022-06-15', 25, NULL, 1, 17, '12', '11', '11', '11', '11', '11', '1', '2022-06-01 15:18:01', '2022-06-01 15:18:01'),
(30, '2022-06-09', 26, NULL, 1, 17, '456', '456', '45', '456', '456', '963', '1', '2022-06-01 17:50:06', '2022-06-02 00:58:40'),
(32, '2022-05-31', 28, NULL, 1, 31, '15', '15', '15', '15', '15', '15', '1', '2022-06-01 22:09:31', '2022-06-02 04:39:31');

-- --------------------------------------------------------

--
-- Estructura de tabla para la tabla `unidad`
--

CREATE TABLE `unidad` (
  `id_unidad` int(11) NOT NULL,
  `nom_unidad` varchar(100) NOT NULL
) ENGINE=InnoDB DEFAULT CHARSET=utf8mb4;

--
-- Volcado de datos para la tabla `unidad`
--

INSERT INTO `unidad` (`id_unidad`, `nom_unidad`) VALUES
(1, 'PORCINOS'),
(2, 'OVINOS'),
(3, 'PISICULTURA'),
(4, 'AVICULTURA'),
(5, 'GANADERIA'),
(6, 'PICULTURA');

-- --------------------------------------------------------

--
-- Estructura de tabla para la tabla `users`
--

CREATE TABLE `users` (
  `id` bigint(20) UNSIGNED NOT NULL,
  `name` varchar(255) COLLATE utf8mb4_unicode_ci NOT NULL,
  `email` varchar(255) COLLATE utf8mb4_unicode_ci NOT NULL,
  `email_verified_at` timestamp NULL DEFAULT NULL,
  `password` varchar(255) COLLATE utf8mb4_unicode_ci NOT NULL,
  `Tipo_usuario` int(1) NOT NULL DEFAULT 0,
  `created_at` timestamp NULL DEFAULT NULL,
  `updated_at` timestamp NULL DEFAULT NULL
) ENGINE=InnoDB DEFAULT CHARSET=utf8mb4 COLLATE=utf8mb4_unicode_ci;

--
-- Volcado de datos para la tabla `users`
--

INSERT INTO `users` (`id`, `name`, `email`, `email_verified_at`, `password`, `Tipo_usuario`, `created_at`, `updated_at`) VALUES
(31, 'Esteban Castañeda Herreño', 'estecasta2000@gmail.com', NULL, '$2y$10$dSNvqzUW2Jf00wyIFFB1S.EYmFTj4Wekt.3ECahVq0wuUjF9zm/dG', 0, NULL, NULL);

-- --------------------------------------------------------

--
-- Estructura de tabla para la tabla `usuario_cliente`
--

CREATE TABLE `usuario_cliente` (
  `idCliente` int(12) NOT NULL,
  `documento` int(10) NOT NULL,
  `NombreCompleto` varchar(70) NOT NULL,
  `Genero` enum('M','F') NOT NULL,
  `Correo` varchar(50) NOT NULL,
  `Telefono` bigint(100) NOT NULL,
  `created_at` timestamp NULL DEFAULT NULL,
  `updated_at` timestamp NULL DEFAULT NULL
) ENGINE=InnoDB DEFAULT CHARSET=utf8mb4;

--
-- Volcado de datos para la tabla `usuario_cliente`
--

INSERT INTO `usuario_cliente` (`idCliente`, `documento`, `NombreCompleto`, `Genero`, `Correo`, `Telefono`, `created_at`, `updated_at`) VALUES
(37, 832490, 'jashdk', 'M', 'prueba2@gmail.com', 3243123456, NULL, NULL),
(38, 45456, 'djsaj', 'M', 'bulevarnorte@gmail.com', 8878, NULL, NULL),
(39, 123, 'asda', 'M', 'prueba@gmail.com', 3243123456, NULL, NULL),
(41, 123123, '1231', 'M', 'prueba2@gmail.com', 3243123456, NULL, NULL);

--
-- Índices para tablas volcadas
--

--
-- Indices de la tabla `departamentos`
--
ALTER TABLE `departamentos`
  ADD PRIMARY KEY (`id_departamento`),
  ADD UNIQUE KEY `DepCodigo` (`DepCodigo`);

--
-- Indices de la tabla `encargado_muestra`
--
ALTER TABLE `encargado_muestra`
  ADD PRIMARY KEY (`id_encargado`);

--
-- Indices de la tabla `failed_jobs`
--
ALTER TABLE `failed_jobs`
  ADD PRIMARY KEY (`id`);

--
-- Indices de la tabla `migrations`
--
ALTER TABLE `migrations`
  ADD PRIMARY KEY (`id`);

--
-- Indices de la tabla `muestra`
--
ALTER TABLE `muestra`
  ADD PRIMARY KEY (`id_muestra`),
  ADD KEY `id_departamento` (`id_departamento`),
  ADD KEY `id_municipio` (`id_municipio`);

--
-- Indices de la tabla `municipios`
--
ALTER TABLE `municipios`
  ADD PRIMARY KEY (`id_municipio`),
  ADD KEY `idDepartamento` (`id_departamento`);

--
-- Indices de la tabla `parametros`
--
ALTER TABLE `parametros`
  ADD PRIMARY KEY (`id_parametro`);

--
-- Indices de la tabla `resultado`
--
ALTER TABLE `resultado`
  ADD PRIMARY KEY (`id_resultado`),
  ADD KEY `id_muestra` (`id_muestra`),
  ADD KEY `id_parametro` (`id_parametro`),
  ADD KEY `idCliente` (`idCliente`),
  ADD KEY `id_encargado` (`id_encargado`);

--
-- Indices de la tabla `unidad`
--
ALTER TABLE `unidad`
  ADD PRIMARY KEY (`id_unidad`);

--
-- Indices de la tabla `users`
--
ALTER TABLE `users`
  ADD PRIMARY KEY (`id`);

--
-- Indices de la tabla `usuario_cliente`
--
ALTER TABLE `usuario_cliente`
  ADD PRIMARY KEY (`idCliente`);

--
-- AUTO_INCREMENT de las tablas volcadas
--

--
-- AUTO_INCREMENT de la tabla `departamentos`
--
ALTER TABLE `departamentos`
  MODIFY `id_departamento` int(2) NOT NULL AUTO_INCREMENT, AUTO_INCREMENT=34;

--
-- AUTO_INCREMENT de la tabla `encargado_muestra`
--
ALTER TABLE `encargado_muestra`
  MODIFY `id_encargado` int(11) NOT NULL AUTO_INCREMENT, AUTO_INCREMENT=10;

--
-- AUTO_INCREMENT de la tabla `failed_jobs`
--
ALTER TABLE `failed_jobs`
  MODIFY `id` bigint(20) UNSIGNED NOT NULL AUTO_INCREMENT;

--
-- AUTO_INCREMENT de la tabla `migrations`
--
ALTER TABLE `migrations`
  MODIFY `id` int(10) UNSIGNED NOT NULL AUTO_INCREMENT, AUTO_INCREMENT=3;

--
-- AUTO_INCREMENT de la tabla `muestra`
--
ALTER TABLE `muestra`
  MODIFY `id_muestra` int(12) NOT NULL AUTO_INCREMENT, AUTO_INCREMENT=30;

--
-- AUTO_INCREMENT de la tabla `resultado`
--
ALTER TABLE `resultado`
  MODIFY `id_resultado` int(10) NOT NULL AUTO_INCREMENT, AUTO_INCREMENT=34;

--
-- AUTO_INCREMENT de la tabla `users`
--
ALTER TABLE `users`
  MODIFY `id` bigint(20) UNSIGNED NOT NULL AUTO_INCREMENT, AUTO_INCREMENT=32;

--
-- AUTO_INCREMENT de la tabla `usuario_cliente`
--
ALTER TABLE `usuario_cliente`
  MODIFY `idCliente` int(12) NOT NULL AUTO_INCREMENT, AUTO_INCREMENT=42;

--
-- Restricciones para tablas volcadas
--

--
-- Filtros para la tabla `muestra`
--
ALTER TABLE `muestra`
  ADD CONSTRAINT `muestra_ibfk_4` FOREIGN KEY (`id_departamento`) REFERENCES `departamentos` (`id_departamento`),
  ADD CONSTRAINT `muestra_ibfk_5` FOREIGN KEY (`id_municipio`) REFERENCES `municipios` (`id_municipio`);
COMMIT;

/*!40101 SET CHARACTER_SET_CLIENT=@OLD_CHARACTER_SET_CLIENT */;
/*!40101 SET CHARACTER_SET_RESULTS=@OLD_CHARACTER_SET_RESULTS */;
/*!40101 SET COLLATION_CONNECTION=@OLD_COLLATION_CONNECTION */;
